<?xml version="1.0" encoding="UTF-8"?>
<?xml-stylesheet version="1.0" href="student.xsl"?>
<college>
	<student>
		<username>neha11</username>
		<password>abc123</password>
		<firstname>neha</firstname>
		<lastname>ande</lastname>
		<email>neha.ande@viit.ac.in</email>
		<mobileno>1234567890</mobileno></student>
	<student>
		<username>shruti22</username>
		<password>shruti123</password>
		<firstname>shruti</firstname>
		<lastname>satkar</lastname>
		<email>shruti.satkar@viit.ac.in</email>
		<mobileno>9876543210</mobileno></student></college>